"path","robots","canonical","title_chars","description_chars","h1_count","word_count","internal_links","errors","warnings"
"/404.html","noindex, nofollow","https://agraskbagheltourandtravels.com/404.html","54","112","1","305","42","",""
"/about.html","noindex, nofollow","https://agraskbagheltourandtravels.com/en/about/","12","0","0","5","1","",""
"/assets/brand/","noindex","missing","42","0","1","174","0","",""
"/assets/brand/logos/","noindex","missing","43","0","1","287","0","",""
"/assets/brand/logos-bold/","noindex","missing","39","0","1","335","0","",""
"/book/","noindex, nofollow","https://agraskbagheltourandtravels.com/book/","42","66","1","488","35","",""
"/book.html","noindex, nofollow","https://agraskbagheltourandtravels.com/book.html","42","66","1","488","35","",""
"/contact.html","noindex, nofollow","https://agraskbagheltourandtravels.com/en/contact/","12","0","0","5","1","",""
"/en/12-seater-tempo-traveller-agra/","index, follow, max-image-preview:large, max-snippet:-1, max-video-preview:-1","https://agraskbagheltourandtravels.com/en/12-seater-tempo-traveller-agra/","61","146","1","562","36","","title-too-long: Title is 61 characters; keep it at or below 60."
"/en/15-btn-pac-agra-to-chandigarh-taxi-services/","noindex, nofollow","https://agraskbagheltourandtravels.com/en/agra-to-chandigarh-taxi/","12","0","0","5","1","",""
"/en/16-seater-tempo-traveller-agra/","index, follow, max-image-preview:large, max-snippet:-1, max-video-preview:-1","https://agraskbagheltourandtravels.com/en/16-seater-tempo-traveller-agra/","61","146","1","564","36","","title-too-long: Title is 61 characters; keep it at or below 60."
"/en/18-seater-tempo-traveller-agra/","index, follow, max-image-preview:large, max-snippet:-1, max-video-preview:-1","https://agraskbagheltourandtravels.com/en/18-seater-tempo-traveller-agra/","61","146","1","562","36","","title-too-long: Title is 61 characters; keep it at or below 60."
"/en/20-seater-tempo-traveller-agra/","index, follow, max-image-preview:large, max-snippet:-1, max-video-preview:-1","https://agraskbagheltourandtravels.com/en/20-seater-tempo-traveller-agra/","61","146","1","556","36","","title-too-long: Title is 61 characters; keep it at or below 60."
"/en/24-seater-tempo-traveller-agra/","index, follow, max-image-preview:large, max-snippet:-1, max-video-preview:-1","https://agraskbagheltourandtravels.com/en/24-seater-tempo-traveller-agra/","61","146","1","560","36","","title-too-long: Title is 61 characters; keep it at or below 60."
"/en/404/","noindex, nofollow","https://agraskbagheltourandtravels.com/en/404/","54","112","1","305","42","",""
"/en/about/","index, follow, max-image-preview:large, max-snippet:-1, max-video-preview:-1","https://agraskbagheltourandtravels.com/en/about/","65","151","1","1190","38","","title-too-long: Title is 65 characters; keep it at or below 60."
"/en/agra-delhi/","noindex, nofollow","https://agraskbagheltourandtravels.com/en/agra-to-delhi-taxi/","12","0","0","5","1","",""
"/en/agra-fatehpur-sikri-one-day-tour/","index, follow, max-image-preview:large, max-snippet:-1, max-video-preview:-1","https://agraskbagheltourandtravels.com/en/agra-fatehpur-sikri-one-day-tour/","63","148","1","514","36","","title-too-long: Title is 63 characters; keep it at or below 60."
"/en/agra-sightseeing-taxi/","index, follow, max-image-preview:large, max-snippet:-1, max-video-preview:-1","https://agraskbagheltourandtravels.com/en/agra-sightseeing-taxi/","52","86","1","303","42","",""
"/en/agra-to-delhi-taxi/","index, follow, max-image-preview:large, max-snippet:-1, max-video-preview:-1","https://agraskbagheltourandtravels.com/en/agra-to-delhi-taxi/","49","134","1","808","44","",""
"/en/agra-to-gwalior-taxi/","index, follow, max-image-preview:large, max-snippet:-1, max-video-preview:-1","https://agraskbagheltourandtravels.com/en/agra-to-gwalior-taxi/","51","136","1","800","44","",""
"/en/agra-to-jaipur-taxi/","index, follow, max-image-preview:large, max-snippet:-1, max-video-preview:-1","https://agraskbagheltourandtravels.com/en/agra-to-jaipur-taxi/","50","135","1","815","44","",""
"/en/agra-to-lucknow-taxi/","index, follow, max-image-preview:large, max-snippet:-1, max-video-preview:-1","https://agraskbagheltourandtravels.com/en/agra-to-lucknow-taxi/","37","78","1","792","44","",""
"/en/agra-to-mathura-taxi/","index, follow, max-image-preview:large, max-snippet:-1, max-video-preview:-1","https://agraskbagheltourandtravels.com/en/agra-to-mathura-taxi/","51","136","1","804","44","",""
"/en/book/","noindex, nofollow","https://agraskbagheltourandtravels.com/en/book/","42","66","1","488","35","",""
"/en/contact/","index, follow, max-image-preview:large, max-snippet:-1, max-video-preview:-1","https://agraskbagheltourandtravels.com/en/contact/","65","150","1","452","35","","title-too-long: Title is 65 characters; keep it at or below 60."
"/en/delhi-to-agra-taxi/","index, follow, max-image-preview:large, max-snippet:-1, max-video-preview:-1","https://agraskbagheltourandtravels.com/en/delhi-to-agra-taxi/","47","132","1","801","44","",""
"/en/delhi-to-jaipur-taxi/","index, follow, max-image-preview:large, max-snippet:-1, max-video-preview:-1","https://agraskbagheltourandtravels.com/en/delhi-to-jaipur-taxi/","37","78","1","808","44","",""
"/en/faq/","index, follow, max-image-preview:large, max-snippet:-1, max-video-preview:-1","https://agraskbagheltourandtravels.com/en/faq/","76","150","1","466","35","","title-too-long: Title is 76 characters; keep it at or below 60."
"/en/fleet/","index, follow, max-image-preview:large, max-snippet:-1, max-video-preview:-1","https://agraskbagheltourandtravels.com/en/fleet/","74","177","1","1092","50","","title-too-long: Title is 74 characters; keep it at or below 60. | description-too-long: Meta description is 177 characters; keep it at or below 155."
"/en/","noindex, nofollow","https://agraskbagheltourandtravels.com/","12","0","0","5","1","",""
"/en/packages/agra-sightseeing/","index, follow, max-image-preview:large, max-snippet:-1, max-video-preview:-1","https://agraskbagheltourandtravels.com/en/packages/agra-sightseeing/","75","209","1","1254","39","","title-too-long: Title is 75 characters; keep it at or below 60. | description-too-long: Meta description is 209 characters; keep it at or below 155."
"/en/packages/agra-unhurried/","index, follow, max-image-preview:large, max-snippet:-1, max-video-preview:-1","https://agraskbagheltourandtravels.com/en/packages/agra-unhurried/","72","228","1","1271","39","","title-too-long: Title is 72 characters; keep it at or below 60. | description-too-long: Meta description is 228 characters; keep it at or below 155."
"/en/packages/gatimaan-express-agra-tour/","index, follow, max-image-preview:large, max-snippet:-1, max-video-preview:-1","https://agraskbagheltourandtravels.com/en/packages/gatimaan-express-agra-tour/","78","246","1","1354","39","","title-too-long: Title is 78 characters; keep it at or below 60. | description-too-long: Meta description is 246 characters; keep it at or below 155."
"/en/packages/golden-triangle/","index, follow, max-image-preview:large, max-snippet:-1, max-video-preview:-1","https://agraskbagheltourandtravels.com/en/packages/golden-triangle/","67","212","1","1249","39","","title-too-long: Title is 67 characters; keep it at or below 60. | description-too-long: Meta description is 212 characters; keep it at or below 155."
"/en/packages/","index, follow, max-image-preview:large, max-snippet:-1, max-video-preview:-1","https://agraskbagheltourandtravels.com/en/packages/","67","177","1","2075","64","","title-too-long: Title is 67 characters; keep it at or below 60. | description-too-long: Meta description is 177 characters; keep it at or below 155."
"/en/packages/mathura-vrindavan/","index, follow, max-image-preview:large, max-snippet:-1, max-video-preview:-1","https://agraskbagheltourandtravels.com/en/packages/mathura-vrindavan/","78","218","1","1330","39","","title-too-long: Title is 78 characters; keep it at or below 60. | description-too-long: Meta description is 218 characters; keep it at or below 155."
"/en/packages/taj-mahal-sunrise-tour/","index, follow, max-image-preview:large, max-snippet:-1, max-video-preview:-1","https://agraskbagheltourandtravels.com/en/packages/taj-mahal-sunrise-tour/","69","221","1","1334","39","","title-too-long: Title is 69 characters; keep it at or below 60. | description-too-long: Meta description is 221 characters; keep it at or below 155."
"/en/privacy/","index, follow, max-image-preview:large, max-snippet:-1, max-video-preview:-1","https://agraskbagheltourandtravels.com/en/privacy/","68","159","1","626","35","","title-too-long: Title is 68 characters; keep it at or below 60. | description-too-long: Meta description is 159 characters; keep it at or below 155."
"/en/routes/","index, follow, max-image-preview:large, max-snippet:-1, max-video-preview:-1","https://agraskbagheltourandtravels.com/en/routes/","61","161","1","1407","71","","title-too-long: Title is 61 characters; keep it at or below 60. | description-too-long: Meta description is 161 characters; keep it at or below 155."
"/en/same-day-agra-tour-from-delhi/","index, follow, max-image-preview:large, max-snippet:-1, max-video-preview:-1","https://agraskbagheltourandtravels.com/en/same-day-agra-tour-from-delhi/","43","128","1","558","36","",""
"/en/services/","index, follow, max-image-preview:large, max-snippet:-1, max-video-preview:-1","https://agraskbagheltourandtravels.com/en/services/","72","182","1","1080","42","","title-too-long: Title is 72 characters; keep it at or below 60. | description-too-long: Meta description is 182 characters; keep it at or below 155."
"/en/taj-mahal-taxi-service/","index, follow, max-image-preview:large, max-snippet:-1, max-video-preview:-1","https://agraskbagheltourandtravels.com/en/taj-mahal-taxi-service/","57","142","1","512","36","",""
"/en/tempo-traveller-on-rent-agra/","index, follow, max-image-preview:large, max-snippet:-1, max-video-preview:-1","https://agraskbagheltourandtravels.com/en/tempo-traveller-on-rent-agra/","54","139","1","594","36","",""
"/en/terms/","index, follow, max-image-preview:large, max-snippet:-1, max-video-preview:-1","https://agraskbagheltourandtravels.com/en/terms/","80","155","1","718","35","","title-too-long: Title is 80 characters; keep it at or below 60."
"/en/vehicles/ertiga/","index, follow, max-image-preview:large, max-snippet:-1, max-video-preview:-1","https://agraskbagheltourandtravels.com/en/vehicles/ertiga/","53","151","1","734","41","",""
"/en/vehicles/innova/","noindex, nofollow","https://agraskbagheltourandtravels.com/en/vehicles/innova-crysta/","12","0","0","5","1","",""
"/en/vehicles/innova-crysta/","index, follow, max-image-preview:large, max-snippet:-1, max-video-preview:-1","https://agraskbagheltourandtravels.com/en/vehicles/innova-crysta/","60","170","1","746","41","","description-too-long: Meta description is 170 characters; keep it at or below 155."
"/en/vehicles/sedan/","index, follow, max-image-preview:large, max-snippet:-1, max-video-preview:-1","https://agraskbagheltourandtravels.com/en/vehicles/sedan/","52","164","1","732","41","","description-too-long: Meta description is 164 characters; keep it at or below 155."
"/en/vehicles/tempo/","noindex, nofollow","https://agraskbagheltourandtravels.com/en/vehicles/tempo-traveller/","12","0","0","5","1","",""
"/en/vehicles/tempo-traveller/","index, follow, max-image-preview:large, max-snippet:-1, max-video-preview:-1","https://agraskbagheltourandtravels.com/en/vehicles/tempo-traveller/","62","173","1","746","41","","title-too-long: Title is 62 characters; keep it at or below 60. | description-too-long: Meta description is 173 characters; keep it at or below 155."
"/en/vehicles/urbania/","index, follow, max-image-preview:large, max-snippet:-1, max-video-preview:-1","https://agraskbagheltourandtravels.com/en/vehicles/urbania/","60","181","1","744","41","","description-too-long: Meta description is 181 characters; keep it at or below 155."
"/faq.html","noindex, nofollow","https://agraskbagheltourandtravels.com/en/faq/","12","0","0","5","1","",""
"/fleet.html","noindex, nofollow","https://agraskbagheltourandtravels.com/en/fleet/","12","0","0","5","1","",""
"/","index, follow, max-image-preview:large, max-snippet:-1, max-video-preview:-1","https://agraskbagheltourandtravels.com/","58","144","1","2983","70","",""
"/packages.html","noindex, nofollow","https://agraskbagheltourandtravels.com/en/packages/","12","0","0","5","1","",""
"/privacy.html","noindex, nofollow","https://agraskbagheltourandtravels.com/en/privacy/","12","0","0","5","1","",""
"/routes.html","noindex, nofollow","https://agraskbagheltourandtravels.com/en/routes/","12","0","0","5","1","",""
"/services.html","noindex, nofollow","https://agraskbagheltourandtravels.com/en/services/","12","0","0","5","1","",""
"/terms.html","noindex, nofollow","https://agraskbagheltourandtravels.com/en/terms/","12","0","0","5","1","",""
